The Shawshank Redemption,1994-10-14,142 min,"Crime, Drama",Frank Darabont,"Stephen King (short story ""Rita Hayworth and Shawshank Redemption""), Frank Darabont (screenplay)","Tim Robbins, Morgan Freeman, Bob Gunton, William Sadler","Two imprisoned men bond over a number of years, finding solace and eventual redemption through acts of common decency.",https://images-na.ssl-images-amazon.com/images/M/MV5BODU4MjU4NjIwNl5BMl5BanBnXkFtZTgwMDU2MjEyMDE@._V1_SX300.jpg,9.3,1825626,Columbia Pictures
The Godfather,1972-03-24,175 min,"Crime, Drama",Francis Ford Coppola,"Mario Puzo (screenplay), Francis Ford Coppola (screenplay), Mario Puzo (novel)","Marlon Brando, Al Pacino, James Caan, Richard S. Castellano",The aging patriarch of an organized crime dynasty transfers control of his clandestine empire to his reluctant son.,https://images-na.ssl-images-amazon.com/images/M/MV5BZTRmNjQ1ZDYtNDgzMy00OGE0LWE4N2YtNTkzNWQ5ZDhlNGJmL2ltYWdlL2ltYWdlXkEyXkFqcGdeQXVyNjU0OTQ0OTY@._V1_SX300.jpg,9.2,1243444,Paramount Pictures
The Godfather: Part II,1974-12-20,202 min,"Crime, Drama",Francis Ford Coppola,"Francis Ford Coppola (screenplay), Mario Puzo (screenplay), Mario Puzo (novel)","Al Pacino, Robert Duvall, Diane Keaton, Robert De Niro","The early life and career of Vito Corleone in 1920s New York is portrayed while his son, Michael, expands and tightens his grip on the family crime syndicate.",https://images-na.ssl-images-amazon.com/images/M/MV5BMjZiNzIxNTQtNDc5Zi00YWY1LThkMTctMDgzYjY4YjI1YmQyL2ltYWdlL2ltYWdlXkEyXkFqcGdeQXVyNjU0OTQ0OTY@._V1_SX300.jpg,9,856870,Paramount Pictures
The Dark Knight,2008-07-18,152 min,"Action, Crime, Drama",Christopher Nolan,"Jonathan Nolan (screenplay), Christopher Nolan (screenplay), Christopher Nolan (story), David S. Goyer (story), Bob Kane (characters)","Christian Bale, Heath Ledger, Aaron Eckhart, Michael Caine","When the menace known as the Joker emerges from his mysterious past, he wreaks havoc and chaos on the people of Gotham, the Dark Knight must accept one of the greatest psychological and physical tests of his ability to fight injustice.",https://images-na.ssl-images-amazon.com/images/M/MV5BMTMxNTMwODM0NF5BMl5BanBnXkFtZTcwODAyMTk2Mw@@._V1_SX300.jpg,9,1802351,Warner Bros. Pictures/Legendary
Schindler's List,1994-02-04,195 min,"Biography, Drama, History",Steven Spielberg,"Thomas Keneally (book), Steven Zaillian (screenplay)","Liam Neeson, Ben Kingsley, Ralph Fiennes, Caroline Goodall","In German-occupied Poland during World War II, Oskar Schindler gradually becomes concerned for his Jewish workforce after witnessing their persecution by the Nazi Germans.",https://images-na.ssl-images-amazon.com/images/M/MV5BNDE4OTMxMTctNmRhYy00NWE2LTg3YzItYTk3M2UwOTU5Njg4XkEyXkFqcGdeQXVyNjU0OTQ0OTY@._V1_SX300.jpg,8.9,937837,Universal Pictures
The Lord of the Rings: The Return of the King,2003-12-17,201 min,"Adventure, Drama, Fantasy",Peter Jackson,"J.R.R. Tolkien (novel), Fran Walsh (screenplay), Philippa Boyens (screenplay), Peter Jackson (screenplay)","Noel Appleby, Ali Astin, Sean Astin, David Aston",Gandalf and Aragorn lead the World of Men against Sauron's army to draw his gaze from Frodo and Sam as they approach Mount Doom with the One Ring.,https://images-na.ssl-images-amazon.com/images/M/MV5BYWY1ZWQ5YjMtMDE0MS00NWIzLWE1M2YtODYzYTk2OTNlYWZmXkEyXkFqcGdeQXVyNDUyOTg3Njg@._V1_SX300.jpg,8.9,1304569,New Line Cinema
Pulp Fiction,1994-10-14,154 min,"Crime, Drama",Quentin Tarantino,"Quentin Tarantino (stories), Roger Avary (stories), Quentin Tarantino","Tim Roth, Amanda Plummer, Laura Lovelace, John Travolta","The lives of two mob hit men, a boxer, a gangster's wife, and a pair of diner bandits intertwine in four tales of violence and redemption.",https://images-na.ssl-images-amazon.com/images/M/MV5BMTkxMTA5OTAzMl5BMl5BanBnXkFtZTgwNjA5MDc3NjE@._V1_SX300.jpg,8.9,1427451,Miramax Films
Fight Club,1999-10-15,139 min,Drama,David Fincher,"Chuck Palahniuk (novel), Jim Uhls (screenplay)","Edward Norton, Brad Pitt, Meat Loaf, Zach Grenier","An insomniac office worker, looking for a way to change his life, crosses paths with a devil-may-care soap maker, forming an underground fight club that evolves into something much, much more.",https://images-na.ssl-images-amazon.com/images/M/MV5BZGY5Y2RjMmItNDg5Yy00NjUwLThjMTEtNDc2OGUzNTBiYmM1XkEyXkFqcGdeQXVyNjU0OTQ0OTY@._V1_SX300.jpg,8.8,1458676,20th Century Fox
The Lord of the Rings: The Fellowship of the Ring,2001-12-19,178 min,"Adventure, Drama, Fantasy",Peter Jackson,"J.R.R. Tolkien (novel), Fran Walsh (screenplay), Philippa Boyens (screenplay), Peter Jackson (screenplay)","Alan Howard, Noel Appleby, Sean Astin, Sala Baker",A meek Hobbit from the Shire and eight companions set out on a journey to destroy the powerful One Ring and save Middle Earth from the Dark Lord Sauron.,https://images-na.ssl-images-amazon.com/images/M/MV5BN2EyZjM3NzUtNWUzMi00MTgxLWI0NTctMzY4M2VlOTdjZWRiXkEyXkFqcGdeQXVyNDUzOTQ5MjY@._V1_SX300.jpg,8.8,1326876,New Line Cinema
Forrest Gump,1994-07-06,142 min,"Comedy, Drama, Romance",Robert Zemeckis,"Winston Groom (novel), Eric Roth (screenplay)","Tom Hanks, Rebecca Williams, Sally Field, Michael Conner Humphreys","While not intelligent, Forrest Gump has accidentally been present at many historic moments, but his true love, Jenny Curran, eludes him.",https://images-na.ssl-images-amazon.com/images/M/MV5BYThjM2MwZGMtMzg3Ny00NGRkLWE4M2EtYTBiNWMzOTY0YTI4XkEyXkFqcGdeQXVyNDYyMDk5MTU@._V1_SX300.jpg,8.8,1365937,Paramount Pictures
Star Wars: Episode V - The Empire Strikes Back,1980-06-20,124 min,"Action, Adventure, Fantasy",Irvin Kershner,"Leigh Brackett (screenplay), Lawrence Kasdan (screenplay), George Lucas (story by)","Mark Hamill, Harrison Ford, Carrie Fisher, Billy Dee Williams","After the rebels are overpowered by the Empire on their newly established base, Luke Skywalker begins Jedi training with Master Yoda. His friends accept shelter from a questionable ally as Darth Vader hunts them in a plan to capture Luke.",https://images-na.ssl-images-amazon.com/images/M/MV5BYmViY2M2MTYtY2MzOS00YjQ1LWIzYmEtOTBiNjhlMGM0NjZjXkEyXkFqcGdeQXVyNDYyMDk5MTU@._V1_SX300.jpg,8.8,910608,Twentieth Century Fox
Inception,2010-07-16,148 min,"Action, Adventure, Sci-Fi",Christopher Nolan,Christopher Nolan,"Leonardo DiCaprio, Joseph Gordon-Levitt, Ellen Page, Tom Hardy","A thief, who steals corporate secrets through use of dream-sharing technology, is given the inverse task of planting an idea into the mind of a CEO.",https://images-na.ssl-images-amazon.com/images/M/MV5BMjAxMzY3NjcxNF5BMl5BanBnXkFtZTcwNTI5OTM0Mw@@._V1_SX300.jpg,8.8,1592306,Warner Bros. Pictures
The Lord of the Rings: The Two Towers,2002-12-18,179 min,"Adventure, Drama, Fantasy",Peter Jackson,"J.R.R. Tolkien (novel), Fran Walsh (screenplay), Philippa Boyens (screenplay), Stephen Sinclair (screenplay), Peter Jackson (screenplay)","Bruce Allpress, Sean Astin, John Bach, Sala Baker","While Frodo and Sam edge closer to Mordor with the help of the shifty Gollum, the divided fellowship makes a stand against Sauron's new ally, Saruman, and his hordes of Isengard.",https://images-na.ssl-images-amazon.com/images/M/MV5BMDY0NmI4ZjctN2VhZS00YzExLTkyZGItMTJhOTU5NTg4MDU4XkEyXkFqcGdeQXVyNjU0OTQ0OTY@._V1_SX300.jpg,8.7,1188300,New Line Cinema
One Flew Over the Cuckoo's Nest,1975-11-19,133 min,Drama,Milos Forman,"Lawrence Hauben (screenplay), Bo Goldman (screenplay), Ken Kesey (based on the novel by), Dale Wasserman (the play version: ""One Flew Over the Cuckoo's Nest"" by)","Michael Berryman, Peter Brocco, Dean R. Brooks, Alonzo Brown",A criminal pleads insanity after getting into trouble again and once in the mental institution rebels against the oppressive nurse and rallies up the scared patients.,https://images-na.ssl-images-amazon.com/images/M/MV5BZjA0OWVhOTAtYWQxNi00YzNhLWI4ZjYtNjFjZTEyYjJlNDVlL2ltYWdlL2ltYWdlXkEyXkFqcGdeQXVyMTQxNzMzNDI@._V1_SX300.jpg,8.7,729653,United Artists
Goodfellas,1990-09-21,146 min,"Crime, Drama",Martin Scorsese,"Nicholas Pileggi (book), Nicholas Pileggi (screenplay), Martin Scorsese (screenplay)","Robert De Niro, Ray Liotta, Joe Pesci, Lorraine Bracco","The story of Henry Hill and his life through the teen years into the years of mafia, covering his relationship with wife Karen Hill and his Mob partners Jimmy Conway and Tommy DeVitto in the Italian-American crime syndicate.",https://images-na.ssl-images-amazon.com/images/M/MV5BNThjMzczMjctZmIwOC00NTQ4LWJhZWItZDdhNTk5ZTdiMWFlXkEyXkFqcGdeQXVyNDYyMDk5MTU@._V1_SX300.jpg,8.7,787997,Warner Bros.
The Matrix,1999-03-31,136 min,"Action, Sci-Fi","Lana Wachowski, Lilly Wachowski","Lilly Wachowski, Lana Wachowski","Keanu Reeves, Laurence Fishburne, Carrie-Anne Moss, Hugo Weaving",A computer hacker learns from mysterious rebels about the true nature of his reality and his role in the war against its controllers.,https://images-na.ssl-images-amazon.com/images/M/MV5BNzQzOTk3OTAtNDQ0Zi00ZTVkLWI0MTEtMDllZjNkYzNjNTc4L2ltYWdlXkEyXkFqcGdeQXVyNjU0OTQ0OTY@._V1_SX300.jpg,8.7,1314628,Warner Bros. Pictures
Star Wars: Episode IV - A New Hope,1977-05-25,121 min,"Action, Adventure, Fantasy",George Lucas,George Lucas,"Mark Hamill, Harrison Ford, Carrie Fisher, Peter Cushing","Luke Skywalker joins forces with a Jedi Knight, a cocky pilot, a wookiee and two droids to save the galaxy from the Empire's world-destroying battle-station, while also attempting to rescue Princess Leia from the evil Darth Vader.",https://images-na.ssl-images-amazon.com/images/M/MV5BYzQ2OTk4N2QtOGQwNy00MmI3LWEwNmEtOTk0OTY3NDk2MGJkL2ltYWdlL2ltYWdlXkEyXkFqcGdeQXVyNjc1NTYyMjg@._V1_SX300.jpg,8.7,982688,20th Century Fox
Se7en,1995-09-22,127 min,"Crime, Drama, Mystery",David Fincher,Andrew Kevin Walker,"Morgan Freeman, Andrew Kevin Walker, Kevin Spacey, Daniel Zacapa","Two detectives, a rookie and a veteran, hunt a serial killer who uses the seven deadly sins as his motives.",https://images-na.ssl-images-amazon.com/images/M/MV5BOTUwODM5MTctZjczMi00OTk4LTg3NWUtNmVhMTAzNTNjYjcyXkEyXkFqcGdeQXVyNjU0OTQ0OTY@._V1_SX300.jpg,8.6,1108627,New Line Cinema
The Silence of the Lambs,1991-02-14,118 min,"Crime, Drama, Thriller",Jonathan Demme,"Thomas Harris (novel), Ted Tally (screenplay)","Jodie Foster, Lawrence A. Bonney, Kasi Lemmons, Lawrence T. Wrentz",A young F.B.I. cadet must confide in an incarcerated and manipulative killer to receive his help on catching another serial killer who skins his victims.,https://images-na.ssl-images-amazon.com/images/M/MV5BNjNhZTk0ZmEtNjJhMi00YzFlLWE1MmEtYzM1M2ZmMGMwMTU4XkEyXkFqcGdeQXVyNjU0OTQ0OTY@._V1_SX300.jpg,8.6,967878,Orion Pictures Corporation
Saving Private Ryan,1998-07-24,169 min,"Drama, War",Steven Spielberg,Robert Rodat,"Tom Hanks, Tom Sizemore, Edward Burns, Barry Pepper","Following the Normandy Landings, a group of U.S. soldiers go behind enemy lines to retrieve a paratrooper whose brothers have been killed in action.",https://images-na.ssl-images-amazon.com/images/M/MV5BZjhkMDM4MWItZTVjOC00ZDRhLThmYTAtM2I5NzBmNmNlMzI1XkEyXkFqcGdeQXVyNDYyMDk5MTU@._V1_SX300.jpg,8.6,960639,Paramount Pictures
Interstellar,2014-11-07,169 min,"Adventure, Drama, Sci-Fi",Christopher Nolan,"Jonathan Nolan, Christopher Nolan","Ellen Burstyn, Matthew McConaughey, Mackenzie Foy, John Lithgow",A team of explorers travel through a wormhole in space in an attempt to ensure humanity's survival.,https://images-na.ssl-images-amazon.com/images/M/MV5BMjIxNTU4MzY4MF5BMl5BanBnXkFtZTgwMzM4ODI3MjE@._V1_SX300.jpg,8.6,1057411,Paramount Pictures
American History X,1998-11-20,119 min,"Crime, Drama",Tony Kaye,David McKenna,"Edward Norton, Edward Furlong, Beverly D'Angelo, Jennifer Lien",A former neo-nazi skinhead tries to prevent his younger brother from going down the same wrong path that he did.,https://images-na.ssl-images-amazon.com/images/M/MV5BZjA0MTM4MTQtNzY5MC00NzY3LWI1ZTgtYzcxMjkyMzU4MDZiXkEyXkFqcGdeQXVyNDYyMDk5MTU@._V1_SX300.jpg,8.5,843128,New Line Cinema
The Green Mile,1999-12-10,189 min,"Crime, Drama, Fantasy",Frank Darabont,"Stephen King (novel), Frank Darabont (screenplay)","Tom Hanks, David Morse, Michael Clarke Duncan, Bonnie Hunt","The lives of guards on Death Row are affected by one of their charges: a black man accused of child murder and rape, yet who has a mysterious gift.",https://images-na.ssl-images-amazon.com/images/M/MV5BMTUxMzQyNjA5MF5BMl5BanBnXkFtZTYwOTU2NTY3._V1_SX300.jpg,8.5,857527,Warner Bros. Pictures
The Pianist,2003-03-28,150 min,"Biography, Drama, Music",Roman Polanski,"Ronald Harwood (screenplay), Wladyslaw Szpilman (book)","Adrien Brody, Emilia Fox, Michal Zebrowski, Ed Stoppard",A Polish Jewish musician struggles to survive the destruction of the Warsaw ghetto of World War II.,https://images-na.ssl-images-amazon.com/images/M/MV5BOWRiZDIxZjktMTA1NC00MDQ2LWEzMjUtMTliZmY3NjQ3ODJiXkEyXkFqcGdeQXVyNjU0OTQ0OTY@._V1_SX300.jpg,8.5,547383,Focus Features
The Departed,2006-10-06,151 min,"Crime, Drama, Thriller",Martin Scorsese,"William Monahan (screenplay), Alan Mak, Felix Chong","Leonardo DiCaprio, Matt Damon, Jack Nicholson, Mark Wahlberg",An undercover cop and a mole in the police attempt to identify each other while infiltrating an Irish gang in South Boston.,https://images-na.ssl-images-amazon.com/images/M/MV5BMTI1MTY2OTIxNV5BMl5BanBnXkFtZTYwNjQ4NjY3._V1_SX300.jpg,8.5,943314,Warner Bros. Pictures
Terminator 2: Judgment Day,1991-07-03,137 min,"Action, Sci-Fi, Thriller",James Cameron,"James Cameron, William Wisher Jr.","Arnold Schwarzenegger, Linda Hamilton, Edward Furlong, Robert Patrick","A cyborg, identical to the one who failed to kill Sarah Connor, must now protect her ten year old son, John Connor, from a more advanced cyborg.",https://images-na.ssl-images-amazon.com/images/M/MV5BMGU2NzRmZjUtOGUxYS00ZjdjLWEwZWItY2NlM2JhNjkxNTFmXkEyXkFqcGdeQXVyNjU0OTQ0OTY@._V1_SX300.jpg,8.5,798971,TriStar Pictures
Back to the Future,1985-07-03,116 min,"Adventure, Comedy, Sci-Fi",Robert Zemeckis,"Robert Zemeckis, Bob Gale","Michael J. Fox, Christopher Lloyd, Lea Thompson, Crispin Glover","Marty McFly, a 17-year-old high school student, is accidentally sent 30 years into the past in a time-traveling DeLorean invented by his close friend, the maverick scientist Doc Brown.",https://images-na.ssl-images-amazon.com/images/M/MV5BZmU0M2Y1OGUtZjIxNi00ZjBkLTg1MjgtOWIyNThiZWIwYjRiXkEyXkFqcGdeQXVyMTQxNzMzNDI@._V1_SX300.jpg,8.5,798211,Universal Pictures
Gladiator,2000-05-05,155 min,"Action, Adventure, Drama",Ridley Scott,"David Franzoni (story), David Franzoni (screenplay), John Logan (screenplay), William Nicholson (screenplay)","Russell Crowe, Joaquin Phoenix, Connie Nielsen, Oliver Reed","When a Roman general is betrayed and his family murdered by an emperor's corrupt son, he comes to Rome as a gladiator to seek revenge.",https://images-na.ssl-images-amazon.com/images/M/MV5BMDliMmNhNDEtODUyOS00MjNlLTgxODEtN2U3NzIxMGVkZTA1L2ltYWdlXkEyXkFqcGdeQXVyNjU0OTQ0OTY@._V1_SX300.jpg,8.5,1059523,Dreamworks Distribution LLC
The Prestige,2006-10-20,130 min,"Drama, Mystery, Sci-Fi",Christopher Nolan,"Jonathan Nolan (screenplay), Christopher Nolan (screenplay), Christopher Priest (novel)","Hugh Jackman, Christian Bale, Michael Caine, Piper Perabo",Two stage magicians engage in competitive one-upmanship in an attempt to create the ultimate stage illusion.,https://images-na.ssl-images-amazon.com/images/M/MV5BMjA4NDI0MTIxNF5BMl5BanBnXkFtZTYwNTM0MzY2._V1_SX300.jpg,8.5,922672,Buena Vista Pictures
Memento,2001-05-25,113 min,"Mystery, Thriller",Christopher Nolan,"Christopher Nolan (screenplay), Jonathan Nolan (short story ""Memento Mori"")","Guy Pearce, Carrie-Anne Moss, Joe Pantoliano, Mark Boone Junior",A man juggles searching for his wife's murderer and keeping his short-term memory loss from being an obstacle.,https://images-na.ssl-images-amazon.com/images/M/MV5BZTcyNjk1MjgtOWI3Mi00YzQwLWI5MTktMzY4ZmI2NDAyNzYzXkEyXkFqcGdeQXVyNjU0OTQ0OTY@._V1_SX300.jpg,8.5,909341,Newmarket Films
Alien,1979-06-22,117 min,"Horror, Sci-Fi",Ridley Scott,"Dan O'Bannon (story), Ronald Shusett (story), Dan O'Bannon (screenplay)","Tom Skerritt, Sigourney Weaver, Veronica Cartwright, Harry Dean Stanton","After a space merchant vessel perceives an unknown transmission as a distress call, its landing on the source moon finds one of the crew attacked by a mysterious life-form, and they soon realize that its life cycle has merely begun.",https://images-na.ssl-images-amazon.com/images/M/MV5BNDNhN2IxZWItNGEwYS00ZDNhLThiM2UtODU3NWJlZjBkYjQxXkEyXkFqcGdeQXVyMTQxNzMzNDI@._V1_SX300.jpg,8.5,618222,20th Century Fox
Django Unchained,2012-12-25,165 min,"Drama, Western",Quentin Tarantino,Quentin Tarantino,"Jamie Foxx, Christoph Waltz, Leonardo DiCaprio, Kerry Washington","With the help of a German bounty hunter , a freed slave sets out to rescue his wife from a brutal Mississippi plantation owner.",https://images-na.ssl-images-amazon.com/images/M/MV5BMjIyNTQ5NjQ1OV5BMl5BanBnXkFtZTcwODg1MDU4OA@@._V1_SX300.jpg,8.4,1047465,The Weinstein Co.
The Shining,1980-06-13,146 min,"Drama, Horror",Stanley Kubrick,"Stephen King (novel), Stanley Kubrick (screenplay), Diane Johnson (screenplay)","Jack Nicholson, Shelley Duvall, Danny Lloyd, Scatman Crothers","A family heads to an isolated hotel for the winter where an evil and spiritual presence influences the father into violence, while his psychic son sees horrific forebodings from the past and of the future.",https://images-na.ssl-images-amazon.com/images/M/MV5BZWFlYmY2MGEtZjVkYS00YzU4LTg0YjQtYzY1ZGE3NTA5NGQxXkEyXkFqcGdeQXVyMTQxNzMzNDI@._V1_SX300.jpg,8.4,664418,Warner Bros. Pictures
The Dark Knight Rises,2012-07-20,164 min,"Action, Thriller",Christopher Nolan,"Jonathan Nolan (screenplay), Christopher Nolan (screenplay), Christopher Nolan (story), David S. Goyer (story), Bob Kane (characters)","Christian Bale, Gary Oldman, Tom Hardy, Joseph Gordon-Levitt","Eight years after the Joker's reign of anarchy, the Dark Knight, with the help of the enigmatic Selina, is forced from his imposed exile to save Gotham City, now on the edge of total annihilation, from the brutal guerrilla terrorist Bane.",https://images-na.ssl-images-amazon.com/images/M/MV5BMTk4ODQzNDY3Ml5BMl5BanBnXkFtZTcwODA0NTM4Nw@@._V1_SX300.jpg,8.5,1228378,Warner Bros. Pictures
American Beauty,1999-10-01,122 min,"Drama, Romance",Sam Mendes,Alan Ball,"Kevin Spacey, Annette Bening, Thora Birch, Wes Bentley",A sexually frustrated suburban father has a mid-life crisis after becoming infatuated with his daughter's best friend.,https://images-na.ssl-images-amazon.com/images/M/MV5BMjM4NTI5NzYyNV5BMl5BanBnXkFtZTgwNTkxNTYxMTE@._V1_SX300.jpg,8.4,881549,Dream Works
Once Upon a Time in America,1984-06-01,229 min,"Crime, Drama",Sergio Leone,"Harry Grey (novel), Leonardo Benvenuti (screenplay), Piero De Bernardi (screenplay), Enrico Medioli (screenplay), Franco Arcalli (screenplay), Franco Ferrini (screenplay), Sergio Leone (screenplay), Stuart Kaminsky (additional dialogue)","Robert De Niro, James Woods, Elizabeth McGovern, Joe Pesci","A former Prohibition-era Jewish gangster returns to the Lower East Side of Manhattan over thirty years later, where he once again must confront the ghosts and regrets of his old life.",https://images-na.ssl-images-amazon.com/images/M/MV5BMGFkNWI4MTMtNGQ0OC00MWVmLTk3MTktOGYxN2Y2YWVkZWE2XkEyXkFqcGdeQXVyNjU0OTQ0OTY@._V1_SX300.jpg,8.4,239391,Warner Home Video
Star Wars: Episode VI - Return of the Jedi,1983-05-25,131 min,"Action, Adventure, Fantasy",Richard Marquand,"Lawrence Kasdan (screenplay), George Lucas (screenplay), George Lucas (story by)","Mark Hamill, Harrison Ford, Carrie Fisher, Billy Dee Williams","After a daring mission to rescue Han Solo from Jabba the Hutt, the rebels dispatch to Endor to destroy a more powerful Death Star. Meanwhile, Luke struggles to help Vader back from the dark side without falling into the Emperor's trap.",https://images-na.ssl-images-amazon.com/images/M/MV5BODllZjg2YjUtNWEzNy00ZGY2LTgyZmQtYTkxNDYyOWM3OTUyXkEyXkFqcGdeQXVyMTQxNzMzNDI@._V1_SX300.jpg,8.4,747275,Twentieth Century Fox
Braveheart,1995-05-24,178 min,"Biography, Drama, History",Mel Gibson,Randall Wallace,"James Robinson, Sean Lawlor, Sandy Nelson, James Cosmo","When his secret bride is executed for assaulting an English soldier who tried to rape her, Sir William Wallace begins a revolt against King Edward I of England.",https://images-na.ssl-images-amazon.com/images/M/MV5BODg4NzA0MTktOGU5ZS00ODlkLWE3ZmQtYjAzNjNmM2E3NmEzL2ltYWdlL2ltYWdlXkEyXkFqcGdeQXVyNjU0OTQ0OTY@._V1_SX300.jpg,8.4,793897,Paramount Pictures
Reservoir Dogs,1992-09-02,99 min,"Crime, Drama, Thriller",Quentin Tarantino,"Quentin Tarantino, Roger Avary (background radio dialog), Quentin Tarantino (background radio dialog)","Harvey Keitel, Tim Roth, Michael Madsen, Chris Penn","After a simple jewelry heist goes terribly wrong, the surviving criminals begin to suspect that one of them is a police informant.",https://images-na.ssl-images-amazon.com/images/M/MV5BZmExNmEwYWItYmQzOS00YjA5LTk2MjktZjEyZDE1Y2QxNjA1XkEyXkFqcGdeQXVyMTQxNzMzNDI@._V1_SX300.jpg,8.3,721998,Miramax Films
Eternal Sunshine of the Spotless Mind,2004-03-19,108 min,"Drama, Romance, Sci-Fi",Michel Gondry,"Charlie Kaufman (story), Michel Gondry (story), Pierre Bismuth (story), Charlie Kaufman (screenplay)","Jim Carrey, Kate Winslet, Gerry Robert Byrne, Elijah Wood","When their relationship turns sour, a couple undergoes a procedure to have each other erased from their memories. But it is only through the process of loss that they discover what they had to begin with.",https://images-na.ssl-images-amazon.com/images/M/MV5BMTY4NzcwODg3Nl5BMl5BanBnXkFtZTcwNTEwOTMyMw@@._V1_SX300.jpg,8.3,720117,Focus Features
Singin' in the Rain,1952-04-11,103 min,"Comedy, Musical, Romance","Stanley Donen, Gene Kelly","Betty Comden (story by), Adolph Green (story by)","Gene Kelly, Donald O'Connor, Debbie Reynolds, Jean Hagen",A silent film production company and cast make a difficult transition to sound.,https://images-na.ssl-images-amazon.com/images/M/MV5BZDRjNGViMjQtOThlMi00MTA3LThkYzQtNzJkYjBkMGE0YzE1XkEyXkFqcGdeQXVyNDYyMDk5MTU@._V1_SX300.jpg,8.3,166166,MGM
Taxi Driver,1976-02-08,113 min,"Crime, Drama",Martin Scorsese,Paul Schrader,"Diahnne Abbott, Frank Adu, Victor Argo, Gino Ardito","A mentally unstable Vietnam War veteran works as a night-time taxi driver in New York City where the perceived decadence and sleaze feeds his urge for violent action, while attempting to save a preadolescent prostitute in the process.",https://images-na.ssl-images-amazon.com/images/M/MV5BNGQxNDgzZWQtZTNjNi00M2RkLWExZmEtNmE1NjEyZDEwMzA5XkEyXkFqcGdeQXVyMTQxNzMzNDI@._V1_SX300.jpg,8.3,549211,Columbia Pictures
Full Metal Jacket,1987-07-10,116 min,"Drama, War",Stanley Kubrick,"Gustav Hasford (novel), Stanley Kubrick (screenplay), Michael Herr (screenplay), Gustav Hasford (screenplay)","Matthew Modine, Adam Baldwin, Vincent D'Onofrio, R. Lee Ermey",A pragmatic U.S. Marine observes the dehumanizing effects the Vietnam War has on his fellow recruits from their brutal boot camp training to the bloody street fighting in Hue.,https://images-na.ssl-images-amazon.com/images/M/MV5BNzc2ZThkOGItZGY5YS00MDYwLTkyOTAtNDRmZWIwMGRhYTc0L2ltYWdlXkEyXkFqcGdeQXVyNjU0OTQ0OTY@._V1_SX300.jpg,8.3,527053,Warner Bros.
Inglourious Basterds,2009-08-21,153 min,"Adventure, Drama, War","Quentin Tarantino, Eli Roth",Quentin Tarantino,"Brad Pitt, Mélanie Laurent, Christoph Waltz, Eli Roth","In Nazi-occupied France during World War II, a plan to assassinate Nazi leaders by a group of Jewish U.S. soldiers coincides with a theatre owner's vengeful plans for the same.",https://images-na.ssl-images-amazon.com/images/M/MV5BOTJiNDEzOWYtMTVjOC00ZjlmLWE0NGMtZmE1OWVmZDQ2OWJhXkEyXkFqcGdeQXVyNTIzOTk5ODM@._V1_SX300.jpg,8.3,969927,The Weinstein Company
Scarface,1983-12-09,170 min,"Crime, Drama",Brian De Palma,Oliver Stone (screenplay),"Al Pacino, Steven Bauer, Michelle Pfeiffer, Mary Elizabeth Mastrantonio","In Miami in 1980, a determined Cuban immigrant takes over a drug cartel and succumbs to greed.",https://images-na.ssl-images-amazon.com/images/M/MV5BNjdjNGQ4NDEtNTEwYS00MTgxLTliYzQtYzE2ZDRiZjFhZmNlXkEyXkFqcGdeQXVyNjU0OTQ0OTY@._V1_SX300.jpg,8.3,580090,Universal Films
Good Will Hunting,1998-01-09,126 min,Drama,Gus Van Sant,"Matt Damon, Ben Affleck","Matt Damon, Ben Affleck, Stellan Skarsgård, John Mighton","Will Hunting, a janitor at M.I.T., has a gift for mathematics, but needs help from a psychologist to find direction in his life.",https://images-na.ssl-images-amazon.com/images/M/MV5BOTI0MzcxMTYtZDVkMy00NjY1LTgyMTYtZmUxN2M3NmQ2NWJhXkEyXkFqcGdeQXVyMTQxNzMzNDI@._V1_SX300.jpg,8.3,659342,Miramax Films
Indiana Jones and the Last Crusade,1989-05-24,127 min,"Action, Adventure, Fantasy",Steven Spielberg,"Jeffrey Boam (screenplay), George Lucas (story), Menno Meyjes (story), George Lucas (characters), Philip Kaufman (characters)","Harrison Ford, Sean Connery, Denholm Elliott, Alison Doody","When Dr. Henry Jones Sr. suddenly goes missing while pursuing the Holy Grail, eminent archaeologist Indiana Jones must follow in his father's footsteps to stop the Nazis from getting their hands on the Holy Grail first.",https://images-na.ssl-images-amazon.com/images/M/MV5BMjNkMzc2N2QtNjVlNS00ZTk5LTg0MTgtODY2MDAwNTMwZjBjXkEyXkFqcGdeQXVyNDk3NzU2MTQ@._V1_SX300.jpg,8.3,555173,Paramount Pictures
Batman Begins,2005-06-15,140 min,"Action, Adventure",Christopher Nolan,"Bob Kane (characters), David S. Goyer (story), Christopher Nolan (screenplay), David S. Goyer (screenplay)","Christian Bale, Michael Caine, Liam Neeson, Katie Holmes","After training with his mentor, Batman begins his fight to free crime-ridden Gotham City from the corruption that Scarecrow and the League of Shadows have cast upon it.",https://images-na.ssl-images-amazon.com/images/M/MV5BNTM3OTc0MzM2OV5BMl5BanBnXkFtZTYwNzUwMTI3._V1_SX300.jpg,8.3,1053569,Warner Bros. Pictures
Raging Bull,1980-12-19,129 min,"Biography, Drama, Sport",Martin Scorsese,"Jake LaMotta (based on the book by), Joseph Carter (with), Peter Savage (with), Paul Schrader (screenplay), Mardik Martin (screenplay)","Robert De Niro, Cathy Moriarty, Joe Pesci, Frank Vincent","An emotionally self-destructive boxer's journey through life, as the violence and temper that leads him to the top in the ring destroys his life outside it.",https://images-na.ssl-images-amazon.com/images/M/MV5BNDg1YTFlMDgtNzNhNy00ODhlLWFhMTAtOTE5MjhjNzI0NDljXkEyXkFqcGdeQXVyNjc1NTYyMjg@._V1_SX300.jpg,8.2,251296,United Artists
Die Hard,1988-07-20,131 min,"Action, Thriller",John McTiernan,"Roderick Thorp (novel), Jeb Stuart (screenplay), Steven E. de Souza (screenplay)","Bruce Willis, Bonnie Bedelia, Reginald VelJohnson, Paul Gleason","John McClane, officer of the NYPD, tries to save his wife Holly Gennaro and several others that were taken hostage by German terrorist Hans Gruber during a Christmas party at the Nakatomi Plaza in Los Angeles.",https://images-na.ssl-images-amazon.com/images/M/MV5BYmY2ZGEwMTYtNjBmZS00OGE4LWEyMmUtNjAwMWUxZjVmZTRiXkEyXkFqcGdeQXVyNjU0OTQ0OTY@._V1_SX300.jpg,8.2,636557,20th Century Fox
Room,2016-01-22,118 min,Drama,Lenny Abrahamson,"Emma Donoghue (screenplay), Emma Donoghue (novel)","Brie Larson, Jacob Tremblay, Sean Bridgers, Wendy Crewson",A young boy is raised within the confines of a small shed.,https://images-na.ssl-images-amazon.com/images/M/MV5BMjE4NzgzNzEwMl5BMl5BanBnXkFtZTgwMTMzMDE0NjE@._V1_SX300.jpg,8.2,226372,Element Pictures
La La Land,2016-12-25,128 min,"Comedy, Drama, Music",Damien Chazelle,Damien Chazelle,"Ryan Gosling, Emma Stone, Amiée Conn, Terry Walters",A jazz pianist falls for an aspiring actress in Los Angeles.,https://images-na.ssl-images-amazon.com/images/M/MV5BMzUzNDM2NzM2MV5BMl5BanBnXkFtZTgwNTM3NTg4OTE@._V1_SX300.jpg,8.2,272059,Liongate Films
Logan,2017-03-03,137 min,"Action, Drama, Sci-Fi",James Mangold,"James Mangold (story by), Scott Frank (screenplay), James Mangold (screenplay), Michael Green (screenplay)","Hugh Jackman, Patrick Stewart, Dafne Keen, Boyd Holbrook","In the near future, a weary Logan cares for an ailing Professor X somewhere on the Mexican border. However, Logan's attempts to hide from the world and his legacy are upended when a young mutant arrives, pursued by dark forces.",https://images-na.ssl-images-amazon.com/images/M/MV5BMjQwODQwNTg4OV5BMl5BanBnXkFtZTgwMTk4MTAzMjI@._V1_SX300.jpg,8.3,316354,20th Century Fox
Blade Runner,1982-06-25,117 min,"Sci-Fi, Thriller",Ridley Scott,"Hampton Fancher (screenplay), David Webb Peoples (screenplay), Philip K. Dick (novel)","Harrison Ford, Rutger Hauer, Sean Young, Edward James Olmos",A blade runner must pursue and try to terminate four replicants who stole a ship in space and have returned to Earth to find their creator.,https://images-na.ssl-images-amazon.com/images/M/MV5BNzQzMzJhZTEtOWM4NS00MTdhLTg0YjgtMjM4MDRkZjUwZDBlXkEyXkFqcGdeQXVyNjU0OTQ0OTY@._V1_SX300.jpg,8.2,499344,Warner Bros. Pictures
Casino,1995-11-22,178 min,"Crime, Drama",Martin Scorsese,"Nicholas Pileggi (book), Nicholas Pileggi (screenplay), Martin Scorsese (screenplay)","Robert De Niro, Sharon Stone, Joe Pesci, James Woods","Greed, deception, money, power, and murder occur between two best friends: a mafia underboss and a casino owner, for a trophy wife over a gambling empire.",https://images-na.ssl-images-amazon.com/images/M/MV5BMTcxOWYzNDYtYmM4YS00N2NkLTk0NTAtNjg1ODgwZjAxYzI3XkEyXkFqcGdeQXVyNTA4NzY1MzY@._V1_SX300.jpg,8.2,360941,Universal Pictures
A Beautiful Mind,2002-01-04,135 min,"Biography, Drama",Ron Howard,"Akiva Goldsman, Sylvia Nasar (book)","Russell Crowe, Ed Harris, Jennifer Connelly, Christopher Plummer","After John Nash, a brilliant but asocial mathematician, accepts secret work in cryptography, his life takes a turn for the nightmarish.",https://images-na.ssl-images-amazon.com/images/M/MV5BMzcwYWFkYzktZjAzNC00OGY1LWI4YTgtNzc5MzVjMDVmNjY0XkEyXkFqcGdeQXVyMTQxNzMzNDI@._V1_SX300.jpg,8.2,667901,Universal Pictures
V for Vendetta,2006-03-17,132 min,"Action, Drama, Thriller",James McTeigue,"Lilly Wachowski (screenplay), Lana Wachowski (screenplay), David Lloyd (graphic novel art)","Natalie Portman, Hugo Weaving, Stephen Rea, Stephen Fry","In a future British tyranny, a shadowy freedom fighter, known only by the alias of ""V"", plots to overthrow it with the help of a young woman.",https://images-na.ssl-images-amazon.com/images/M/MV5BYzllMjJkODAtYjMwMi00YmNhLWFhYzAtZjZjODg5YzEwOGUwXkEyXkFqcGdeQXVyNjU0OTQ0OTY@._V1_SX300.jpg,8.2,849623,Warner Bros. Pictures
The Wolf of Wall Street,2013-12-25,180 min,"Biography, Comedy, Crime",Martin Scorsese,"Terence Winter (screenplay), Jordan Belfort (book)","Leonardo DiCaprio, Jonah Hill, Margot Robbie, Matthew McConaughey","Based on the true story of Jordan Belfort, from his rise to a wealthy stock-broker living the high life to his fall involving crime, corruption and the federal government.",https://images-na.ssl-images-amazon.com/images/M/MV5BMjIxMjgxNTk0MF5BMl5BanBnXkFtZTgwNjIyOTg2MDE@._V1_SX300.jpg,8.2,874371,Paramount Studios
Hacksaw Ridge,2016-11-04,139 min,"Biography, Drama, History",Mel Gibson,"Robert Schenkkan (screenplay), Andrew Knight (screenplay)","Andrew Garfield, Richard Pyros, Jacob Warner, Milo Gibson","WWII American Army Medic Desmond T. Doss, who served during the Battle of Okinawa, refuses to kill people, and becomes the first man in American history to receive the Medal of Honor without firing a shot.",https://images-na.ssl-images-amazon.com/images/M/MV5BMjQ1NjM3MTUxNV5BMl5BanBnXkFtZTgwMDc5MTY5OTE@._V1_SX300.jpg,8.2,221901,Summit Entertainment
The Deer Hunter,1979-02-23,183 min,"Drama, War",Michael Cimino,"Michael Cimino (story), Deric Washburn (story), Louis Garfinkle (story), Quinn K. Redeker (story), Deric Washburn (screenplay)","Robert De Niro, John Cazale, John Savage, Christopher Walken",An in-depth examination of the ways in which the U.S. Vietnam War impacts and disrupts the lives of people in a small industrial town in Pennsylvania.,https://images-na.ssl-images-amazon.com/images/M/MV5BNjMxZWIyYzQtNjYzNy00NTk1LTg3ZDEtZDRmZmMxYmY4YmVjXkEyXkFqcGdeQXVyNjU0OTQ0OTY@._V1_SX300.jpg,8.2,249067,Universal Pictures
Gran Torino,2009-01-09,116 min,Drama,Clint Eastwood,"Nick Schenk (screenplay), Dave Johannson (story), Nick Schenk (story)","Clint Eastwood, Christopher Carley, Bee Vang, Ahney Her","Disgruntled Korean War veteran Walt Kowalski sets out to reform his neighbor, a Hmong teenager who tried to steal Kowalski's prized possession: a 1972 Gran Torino.",https://images-na.ssl-images-amazon.com/images/M/MV5BMTQyMTczMTAxMl5BMl5BanBnXkFtZTcwOTc1ODE0Mg@@._V1_SX300.jpg,8.2,598907,Warner Bros. Pictures/Village Roadshow
The Big Lebowski,1998-03-06,117 min,"Comedy, Crime","Joel Coen, Ethan Coen","Ethan Coen, Joel Coen","Jeff Bridges, John Goodman, Julianne Moore, Steve Buscemi","""The Dude"" Lebowski, mistaken for a millionaire Lebowski, seeks restitution for his ruined rug and enlists his bowling buddies to help get it.",https://images-na.ssl-images-amazon.com/images/M/MV5BZTFjMjBiYzItNzU5YS00MjdiLWJkOTktNDQ3MTE3ZjY2YTY5XkEyXkFqcGdeQXVyNDk3NzU2MTQ@._V1_SX300.jpg,8.2,580796,Gramercy Pictures
The Sixth Sense,1999-08-06,107 min,"Drama, Mystery, Thriller",M. Night Shyamalan,M. Night Shyamalan,"Bruce Willis, Haley Joel Osment, Toni Collette, Olivia Williams",A boy who communicates with spirits that don't know they're dead seeks the help of a disheartened child psychologist.,https://images-na.ssl-images-amazon.com/images/M/MV5BMWM4NTFhYjctNzUyNi00NGMwLTk3NTYtMDIyNTZmMzRlYmQyXkEyXkFqcGdeQXVyMTAwMzUyOTc@._V1_SX300.jpg,8.1,754842,Hollywood/Buena Vista
Mary and Max,2009-04-09,92 min,"Animation, Comedy, Drama",Adam Elliot,Adam Elliot,"Toni Collette, Philip Seymour Hoffman, Barry Humphries, Eric Bana","A tale of friendship between two unlikely pen pals: Mary, a lonely, eight-year-old girl living in the suburbs of Melbourne, and Max, a forty-four-year old, severely obese man living in New York.",https://images-na.ssl-images-amazon.com/images/M/MV5BMDgzYjQwMDMtNGUzYi00MTRmLWIyMGMtNjE1OGZkNzY2YWIzL2ltYWdlXkEyXkFqcGdeQXVyNjU0OTQ0OTY@._V1_SX300.jpg,8.2,129873,IFC Films
No Country for Old Men,2007-11-21,122 min,"Crime, Drama, Thriller","Ethan Coen, Joel Coen","Joel Coen (screenplay), Ethan Coen (screenplay), Cormac McCarthy (novel)","Tommy Lee Jones, Javier Bardem, Josh Brolin, Woody Harrelson",Violence and mayhem ensue after a hunter stumbles upon a drug deal gone wrong and more than two million dollars in cash near the Rio Grande.,https://images-na.ssl-images-amazon.com/images/M/MV5BMjA5Njk3MjM4OV5BMl5BanBnXkFtZTcwMTc5MTE1MQ@@._V1_SX300.jpg,8.1,666081,Miramax Films
Into the Wild,2007-10-19,148 min,"Adventure, Biography, Drama",Sean Penn,"Sean Penn (screenplay), Jon Krakauer (book)","Emile Hirsch, Marcia Gay Harden, William Hurt, Jena Malone","After graduating from Emory University, top student and athlete Christopher McCandless abandons his possessions, gives his entire $24,000 savings account to charity and hitchhikes to Alaska to live in the wilderness. Along the way, Christopher encounters a series of characters that shape his life.",https://images-na.ssl-images-amazon.com/images/M/MV5BMTAwNDEyODU1MjheQTJeQWpwZ15BbWU2MDc3NDQwNw@@._V1_SX300.jpg,8.1,461312,Paramount Vantage
Kill Bill: Vol. 1,2003-10-10,111 min,"Action, Crime, Thriller",Quentin Tarantino,"Quentin Tarantino, Quentin Tarantino (character The Bride), Uma Thurman (character The Bride)","Uma Thurman, Lucy Liu, Vivica A. Fox, Daryl Hannah",The Bride wakens from a four-year coma. The child she carried in her womb is gone. Now she must wreak vengeance on the team of assassins who betrayed her - a team she was once part of.,https://images-na.ssl-images-amazon.com/images/M/MV5BMTU1NDg1Mzg4M15BMl5BanBnXkFtZTYwMDExOTc3._V1_SX300.jpg,8.1,791579,Miramax Films
Gone Girl,2014-10-03,149 min,"Crime, Drama, Mystery",David Fincher,"Gillian Flynn (screenplay), Gillian Flynn (novel)","Ben Affleck, Rosamund Pike, Neil Patrick Harris, Tyler Perry","With his wife's disappearance having become the focus of an intense media circus, a man sees the spotlight turned on him when it's suspected that he may not be innocent.",https://images-na.ssl-images-amazon.com/images/M/MV5BMTk0MDQ3MzAzOV5BMl5BanBnXkFtZTgwNzU1NzE3MjE@._V1_SX300.jpg,8.1,640332,20th Century Fox
Shutter Island,2010-02-19,138 min,"Mystery, Thriller",Martin Scorsese,"Laeta Kalogridis (screenplay), Dennis Lehane (novel)","Leonardo DiCaprio, Mark Ruffalo, Ben Kingsley, Max von Sydow","In 1954, a U.S. marshal investigates the disappearance of a murderess who escaped from a hospital for the criminally insane.",https://images-na.ssl-images-amazon.com/images/M/MV5BY2NkNTcxNjAtODhjMS00Mjg2LWI1OGItMjRhMGJlODBkZTVlL2ltYWdlL2ltYWdlXkEyXkFqcGdeQXVyNzAxMjE1NDg@._V1_SX300.jpg,8.1,862078,Paramount Studios
Hachi: A Dog's Tale,2010-03-12,93 min,"Drama, Family",Lasse Hallström,"Stephen P. Lindsey (screenplay), Kaneto Shindô (motion picture ""Hachiko monogatari"")","Richard Gere, Joan Allen, Cary-Hiroyuki Tagawa, Sarah Roemer",A college professor's bond with the abandoned dog he takes into his home.,https://images-na.ssl-images-amazon.com/images/M/MV5BYTNhZDFkN2ItMmZjNy00ODUwLTk1Y2MtMDZhYTA2N2MyNDU5XkEyXkFqcGdeQXVyMTMxODk2OTU@._V1_SX300.jpg,8.1,179414,Inferno Entertainment
Spotlight,2015-11-20,128 min,"Crime, Drama, History",Tom McCarthy,"Josh Singer, Tom McCarthy","Mark Ruffalo, Michael Keaton, Rachel McAdams, Liev Schreiber","The true story of how the Boston Globe uncovered the massive scandal of child molestation and cover-up within the local Catholic Archdiocese, shaking the entire Catholic Church to its core.",https://images-na.ssl-images-amazon.com/images/M/MV5BMjIyOTM5OTIzNV5BMl5BanBnXkFtZTgwMDkzODE2NjE@._V1_SX300.jpg,8.1,274216,Open Road Films
12 Years a Slave,2013-11-08,134 min,"Biography, Drama, History",Steve McQueen,"John Ridley (screenplay), Solomon Northup (based on ""Twelve Years a Slave"" by)","Chiwetel Ejiofor, Dwight Henry, Dickie Gravois, Bryan Batt","In the antebellum United States, Solomon Northup, a free black man from upstate New York, is abducted and sold into slavery.",https://images-na.ssl-images-amazon.com/images/M/MV5BMjExMTEzODkyN15BMl5BanBnXkFtZTcwNTU4NTc4OQ@@._V1_SX300.jpg,8.1,490387,Fox Searchlight
The Grand Budapest Hotel,2014-03-28,99 min,"Adventure, Comedy, Drama",Wes Anderson,"Stefan Zweig (inspired by the writings of), Wes Anderson (screenplay), Wes Anderson (story), Hugo Guinness (story)","Ralph Fiennes, F. Murray Abraham, Mathieu Amalric, Adrien Brody","The adventures of Gustave H, a legendary concierge at a famous hotel from the fictional Republic of Zubrowka between the first and second World Wars, and Zero Moustafa, the lobby boy who becomes his most trusted friend.",https://images-na.ssl-images-amazon.com/images/M/MV5BMzM5NjUxOTEyMl5BMl5BanBnXkFtZTgwNjEyMDM0MDE@._V1_SX300.jpg,8.1,537323,Fox Searchlight
Mad Max: Fury Road,2015-05-15,120 min,"Action, Adventure, Sci-Fi",George Miller,"George Miller, Brendan McCarthy, Nick Lathouris","Tom Hardy, Charlize Theron, Nicholas Hoult, Hugh Keays-Byrne","A woman rebels against a tyrannical ruler in postapocalyptic Australia in search for her home-land with the help of a group of female prisoners, a psychotic worshipper, and a drifter named Max.",https://images-na.ssl-images-amazon.com/images/M/MV5BMTUyMTE0ODcxNF5BMl5BanBnXkFtZTgwODE4NDQzNTE@._V1_SX300.jpg,8.1,638510,Warner Bros.
Million Dollar Baby,2005-01-28,132 min,"Drama, Sport",Clint Eastwood,"Paul Haggis (screenplay), F.X. Toole (stories)","Clint Eastwood, Hilary Swank, Morgan Freeman, Jay Baruchel",A determined woman works with a hardened boxing trainer to become a professional.,https://images-na.ssl-images-amazon.com/images/M/MV5BMTkxNzA1NDQxOV5BMl5BanBnXkFtZTcwNTkyMTIzMw@@._V1_SX300.jpg,8.1,519405,Warner Bros. Pictures
Jurassic Park,1993-06-11,127 min,"Adventure, Sci-Fi, Thriller",Steven Spielberg,"Michael Crichton (novel), Michael Crichton (screenplay), David Koepp (screenplay)","Sam Neill, Laura Dern, Jeff Goldblum, Richard Attenborough","During a preview tour, a theme park suffers a major power breakdown that allows its cloned dinosaur exhibits to run amok.",https://images-na.ssl-images-amazon.com/images/M/MV5BMjM2MDgxMDg0Nl5BMl5BanBnXkFtZTgwNTM2OTM5NDE@._V1_SX300.jpg,8.1,670652,Universal City Studios
Spider-Man: Homecoming,2017-07-07,133 min,"Action, Adventure, Sci-Fi",Jon Watts,"Jonathan Goldstein (screenplay), John Francis Daley (screenplay), Jon Watts (screenplay), Christopher Ford (screenplay), Chris McKenna (screenplay), Erik Sommers (screenplay), Jonathan Goldstein (screen story by), John Francis Daley (screen story by), Stan Lee (based on the Marvel comic book by), Steve Ditko (based on the Marvel comic book by), Joe Simon (character created by: Captain America), Jack Kirby (character created by: Captain America)","Tom Holland, Michael Keaton, Robert Downey Jr., Marisa Tomei","Peter Parker, with the help of his mentor Tony Stark, tries to balance his life as an ordinary high school student in New York City while fighting crime as his superhero alter ego Spider-Man when a new threat emerges.",https://images-na.ssl-images-amazon.com/images/M/MV5BNTk4ODQ1MzgzNl5BMl5BanBnXkFtZTgwMTMyMzM4MTI@._V1_SX300.jpg,8.1,64044,Sony Pictures
The Truman Show,1998-06-05,103 min,"Comedy, Drama, Sci-Fi",Peter Weir,Andrew Niccol,"Jim Carrey, Laura Linney, Noah Emmerich, Natascha McElhone",An insurance salesman/adjuster discovers his entire life is actually a television show.,https://images-na.ssl-images-amazon.com/images/M/MV5BMDIzODcyY2EtMmY2MC00ZWVlLTgwMzAtMjQwOWUyNmJjNTYyXkEyXkFqcGdeQXVyNDk3NzU2MTQ@._V1_SX300.jpg,8.1,724665,Paramount Pictures
Harry Potter and the Deathly Hallows: Part 2,2011-07-15,130 min,"Adventure, Drama, Fantasy",David Yates,"Steve Kloves (screenplay), J.K. Rowling (novel)","Ralph Fiennes, Michael Gambon, Alan Rickman, Daniel Radcliffe","Harry, Ron and Hermione search for Voldemort's remaining Horcruxes in their effort to destroy the Dark Lord as the final battle rages on at Hogwarts.",https://images-na.ssl-images-amazon.com/images/M/MV5BMTY2MTk3MDQ1N15BMl5BanBnXkFtZTcwMzI4NzA2NQ@@._V1_SX300.jpg,8.1,594362,Warner Bros. Pictures
Star Wars: The Force Awakens,2015-12-18,136 min,"Action, Adventure, Fantasy",J.J. Abrams,"Lawrence Kasdan, J.J. Abrams, Michael Arndt, George Lucas (based on characters created by)","Harrison Ford, Mark Hamill, Carrie Fisher, Adam Driver","Three decades after the Empire's defeat, a new threat arises in the militant First Order. Stormtrooper defector Finn and spare parts scavenger Rey are caught up in the Resistance's search for the missing Luke Skywalker.",https://images-na.ssl-images-amazon.com/images/M/MV5BOTAzODEzNDAzMl5BMl5BanBnXkFtZTgwMDU1MTgzNzE@._V1_SX300.jpg,8.1,665521,Walt Disney Pictures
Rocky,1976-12-03,120 min,"Drama, Sport",John G. Avildsen,Sylvester Stallone,"Sylvester Stallone, Talia Shire, Burt Young, Carl Weathers","Rocky Balboa, a small-time boxer, gets a supremely rare chance to fight heavy-weight champion Apollo Creed in a bout in which he strives to go the distance for his self-respect.",https://images-na.ssl-images-amazon.com/images/M/MV5BMTY5MDMzODUyOF5BMl5BanBnXkFtZTcwMTQ3NTMyNA@@._V1_SX300.jpg,8.1,407892,United Artists
Prisoners,2013-09-20,153 min,"Crime, Drama, Mystery",Denis Villeneuve,Aaron Guzikowski,"Hugh Jackman, Jake Gyllenhaal, Viola Davis, Maria Bello","When Keller Dover's daughter and her friend go missing, he takes matters into his own hands as the police pursue multiple leads and the pressure mounts.",https://images-na.ssl-images-amazon.com/images/M/MV5BMTg0NTIzMjQ1NV5BMl5BanBnXkFtZTcwNDc3MzM5OQ@@._V1_SX300.jpg,8.1,436571,Warner Bros.
Donnie Darko,2001-10-26,113 min,"Drama, Sci-Fi, Thriller",Richard Kelly,Richard Kelly,"Jake Gyllenhaal, Holmes Osborne, Maggie Gyllenhaal, Daveigh Chase","A troubled teenager is plagued by visions of a man in a large rabbit suit who manipulates him to commit a series of crimes, after he narrowly escapes a bizarre accident.",https://images-na.ssl-images-amazon.com/images/M/MV5BZWQyN2ZkODktMTBkNS00OTBjLWJhOGYtNGU4YWVkNTY0ZDZkXkEyXkFqcGdeQXVyNjU0OTQ0OTY@._V1_SX300.jpg,8.1,622498,Newmarket Film Group
Catch Me If You Can,2002-12-25,141 min,"Biography, Crime, Drama",Steven Spielberg,"Jeff Nathanson (screenplay), Frank Abagnale Jr. (book), Stan Redding (book)","Leonardo DiCaprio, Tom Hanks, Christopher Walken, Martin Sheen","The story of 'Frank Abagnale Jr., before his 19th birthday, successfully forged millions of dollars' worth of checks while posing as a Pan Am pilot, a doctor, and legal prosecutor as a seasoned and dedicated FBI agent pursues him.",https://images-na.ssl-images-amazon.com/images/M/MV5BMTY5MzYzNjc5NV5BMl5BanBnXkFtZTYwNTUyNTc2._V1_SX300.jpg,8.1,592039,DreamWorks SKG
The Bourne Ultimatum,2007-08-03,115 min,"Action, Mystery, Thriller",Paul Greengrass,"Tony Gilroy (screenplay), Scott Z. Burns (screenplay), George Nolfi (screenplay), Tony Gilroy (screen story), Robert Ludlum (novel)","Matt Damon, Julia Stiles, David Strathairn, Scott Glenn",Jason Bourne dodges a ruthless CIA official and his agents from a new assassination program while searching for the origins of his life as a trained killer.,https://images-na.ssl-images-amazon.com/images/M/MV5BNGNiNmU2YTMtZmU4OS00MjM0LTlmYWUtMjVlYjAzYjE2N2RjXkEyXkFqcGdeQXVyNDk3NzU2MTQ@._V1_SX300.jpg,8.1,527907,Universal Pictures
The Terminator,1984-10-26,107 min,"Action, Sci-Fi",James Cameron,"James Cameron, Gale Anne Hurd, William Wisher Jr. (additional dialogue)","Arnold Schwarzenegger, Michael Biehn, Linda Hamilton, Paul Winfield","A seemingly indestructible humanoid cyborg is sent from 2029 to 1984 to assassinate a waitress, whose unborn son will lead humanity in a war against the machines, while a soldier from that war is sent to protect her at all costs.",https://images-na.ssl-images-amazon.com/images/M/MV5BODE1MDczNTUxOV5BMl5BanBnXkFtZTcwMTA0NDQyNA@@._V1_SX300.jpg,8,646546,Orion Pictures Corporation
Guardians of the Galaxy,2014-08-01,121 min,"Action, Adventure, Sci-Fi",James Gunn,"James Gunn, Nicole Perlman, Dan Abnett (based on the Marvel comics by), Andy Lanning (based on the Marvel comics by), Bill Mantlo (character created by: Rocket Raccoon), Keith Giffen (character created by: Rocket Raccoon), Jim Starlin (characters created by: Drax the Destroyer,  Gamora,  Thanos), Steve Englehart (character created by: Star-Lord), Steve Gan (character created by: Star-Lord), Steve Gerber (character created by: Howard the Duck), Val Mayerik (character created by: Howard the Duck)","Chris Pratt, Zoe Saldana, Dave Bautista, Vin Diesel",A group of intergalactic criminals are forced to work together to stop a fanatical warrior from taking control of the universe.,https://images-na.ssl-images-amazon.com/images/M/MV5BMTAwMjU5OTgxNjZeQTJeQWpwZ15BbWU4MDUxNDYxODEx._V1_SX300.jpg,8.1,768444,Walt Disney Pictures
Jaws,1975-06-20,124 min,"Adventure, Drama, Thriller",Steven Spielberg,"Peter Benchley (screenplay), Carl Gottlieb (screenplay), Peter Benchley (based on the novel by)","Roy Scheider, Robert Shaw, Richard Dreyfuss, Lorraine Gary","A giant great white shark arrives on the shores of a New England beach resort and wreaks havoc with bloody attacks on swimmers, until a local sheriff teams up with a marine biologist and an old seafarer to hunt the monster down.",https://images-na.ssl-images-amazon.com/images/M/MV5BMmVmODY1MzEtYTMwZC00MzNhLWFkNDMtZjAwM2EwODUxZTA5XkEyXkFqcGdeQXVyNTAyODkwOQ@@._V1_SX300.jpg,8,445407,Universal Pictures
Guardians of the Galaxy Vol. 2,2017-05-05,136 min,"Action, Adventure, Sci-Fi",James Gunn,"James Gunn, Dan Abnett (based on the Marvel comics by), Andy Lanning (based on the Marvel comics by), Steve Englehart (Star-lord created by), Steve Gan (Star-lord created by), Jim Starlin (Gamora and Drax created by), Stan Lee (Groot created by), Larry Lieber (Groot created by), Jack Kirby (Groot created by), Bill Mantlo (Rocket Raccoon created by), Keith Giffen (Rocket Raccoon created by), Steve Gerber (character created by: Howard the Duck), Val Mayerik (character created by: Howard the Duck)","Chris Pratt, Zoe Saldana, Dave Bautista, Vin Diesel",The Guardians must fight to keep their newfound family together as they unravel the mystery of Peter Quill's true parentage.,https://images-na.ssl-images-amazon.com/images/M/MV5BMTg2MzI1MTg3OF5BMl5BanBnXkFtZTgwNTU3NDA2MTI@._V1_SX300.jpg,8.1,175272,Walt Disney Pictures
Pirates of the Caribbean: The Curse of the Black Pearl,2003-07-09,143 min,"Action, Adventure, Fantasy",Gore Verbinski,"Ted Elliott (screen story), Terry Rossio (screen story), Stuart Beattie (screen story), Jay Wolpert (screen story), Ted Elliott (screenplay), Terry Rossio (screenplay)","Johnny Depp, Geoffrey Rush, Orlando Bloom, Keira Knightley","Blacksmith Will Turner teams up with eccentric pirate ""Captain"" Jack Sparrow to save his love, the governor's daughter, from Jack's former pirate allies, who are now undead.",https://images-na.ssl-images-amazon.com/images/M/MV5BNGYyZGM5MGMtYTY2Ni00M2Y1LWIzNjQtYWUzM2VlNGVhMDNhXkEyXkFqcGdeQXVyMTMxODk2OTU@._V1_SX300.jpg,8,869710,Buena Vista Pictures
Dead Poets Society,1989-06-09,128 min,"Comedy, Drama",Peter Weir,Tom Schulman,"Robin Williams, Robert Sean Leonard, Ethan Hawke, Josh Charles",English teacher John Keating inspires his students to look at poetry with a different perspective of authentic knowledge and feelings.,https://images-na.ssl-images-amazon.com/images/M/MV5BOGYwYWNjMzgtNGU4ZC00NWQ2LWEwZjUtMzE1Zjc3NjY3YTU1XkEyXkFqcGdeQXVyMTQxNzMzNDI@._V1_SX300.jpg,8,295852,Buena Vista Pictures
Sin City,2005-04-01,124 min,"Crime, Thriller","Frank Miller, Robert Rodriguez, Quentin Tarantino",Frank Miller (graphic novels),"Jessica Alba, Devon Aoki, Alexis Bledel, Powers Boothe","A film that explores the dark and miserable town, Basin City, and tells the story of three different people, all caught up in violent corruption.",https://images-na.ssl-images-amazon.com/images/M/MV5BODZmYjMwNzEtNzVhNC00ZTRmLTk2M2UtNzE1MTQ2ZDAxNjc2XkEyXkFqcGdeQXVyMTQxNzMzNDI@._V1_SX300.jpg,8,685825,Dimension Films
The Avengers,2012-05-04,143 min,"Action, Sci-Fi",Joss Whedon,"Joss Whedon (screenplay), Zak Penn (story), Joss Whedon (story)","Robert Downey Jr., Chris Evans, Mark Ruffalo, Chris Hemsworth",Earth's mightiest heroes must come together and learn to fight as a team if they are to stop the mischievous Loki and his alien army from enslaving humanity.,https://images-na.ssl-images-amazon.com/images/M/MV5BMTk2NTI1MTU4N15BMl5BanBnXkFtZTcwODg0OTY0Nw@@._V1_SX300.jpg,8.1,1051143,Walt Disney Pictures
The Martian,2015-10-02,144 min,"Adventure, Drama, Sci-Fi",Ridley Scott,"Drew Goddard (screenplay), Andy Weir (based on the novel by)","Matt Damon, Jessica Chastain, Kristen Wiig, Jeff Daniels","An astronaut becomes stranded on Mars after his team assume him dead, and must rely on his ingenuity to find a way to signal to Earth that he is alive.",https://images-na.ssl-images-amazon.com/images/M/MV5BMTc2MTQ3MDA1Nl5BMl5BanBnXkFtZTgwODA3OTI4NjE@._V1_SX300.jpg,8,560864,20th Century Fox
Sling Blade,1997-03-14,135 min,Drama,Billy Bob Thornton,"Billy Bob Thornton (play), Billy Bob Thornton (screenplay)","Billy Bob Thornton, Dwight Yoakam, J.T. Walsh, John Ritter","Karl Childers, a simple man hospitalized since his childhood murder of his mother and her lover, is released to start a new life in a small town.",https://images-na.ssl-images-amazon.com/images/M/MV5BNGY5NWIxMjAtODBjNC00MmZhLTk1ZTAtNGRhYThlOTNjMTQwXkEyXkFqcGdeQXVyNTc1NTQxODI@._V1_SX300.jpg,8,75931,Miramax Films
Blood Diamond,2006-12-08,143 min,"Adventure, Drama, Thriller",Edward Zwick,"Charles Leavitt (screenplay), Charles Leavitt (story), C. Gaby Mitchell (story)","Leonardo DiCaprio, Djimon Hounsou, Jennifer Connelly, Kagiso Kuypers","A fisherman, a smuggler, and a syndicate of businessmen match wits over the possession of a priceless diamond.",https://images-na.ssl-images-amazon.com/images/M/MV5BMTY5MTYyNjkwNV5BMl5BanBnXkFtZTcwODE3MTI0MQ@@._V1_SX300.jpg,8,424781,Warner Bros. Pictures
Rain Man,1988-12-16,133 min,Drama,Barry Levinson,"Barry Morrow (story), Ronald Bass (screenplay), Barry Morrow (screenplay)","Dustin Hoffman, Tom Cruise, Valeria Golino, Gerald R. Molen",Selfish yuppie Charlie Babbitt's father left a fortune to his savant brother Raymond and a pittance to Charlie; they travel cross-country.,https://images-na.ssl-images-amazon.com/images/M/MV5BMzVjNzI4NzYtMjE4NS00M2IzLWFkOWMtOTYwMWUzN2ZlNGVjL2ltYWdlL2ltYWdlXkEyXkFqcGdeQXVyMTQxNzMzNDI@._V1_SX300.jpg,8,403104,MGM
The Revenant,2016-01-08,156 min,"Adventure, Drama, Thriller",Alejandro González Iñárritu,"Mark L. Smith (screenplay), Alejandro González Iñárritu (screenplay), Michael Punke (based in part on the novel by)","Leonardo DiCaprio, Tom Hardy, Domhnall Gleeson, Will Poulter",A frontiersman on a fur trading expedition in the 1820s fights for survival after being mauled by a bear and left for dead by members of his own hunting team.,https://images-na.ssl-images-amazon.com/images/M/MV5BY2FmODc2N2QtYmY3MS00YTMwLWI2NGYtZWRmYWVkNjFjZmI0XkEyXkFqcGdeQXVyNTMxMjgxMzA@._V1_SX300.jpg,8,504647,20th Century Fox
Deadpool,2016-02-12,108 min,"Action, Adventure, Comedy",Tim Miller,"Rhett Reese, Paul Wernick","Ryan Reynolds, Karan Soni, Ed Skrein, Michael Benyaer",A fast-talking mercenary with a morbid sense of humor is subjected to a rogue experiment that leaves him with accelerated healing powers and a quest for revenge.,https://images-na.ssl-images-amazon.com/images/M/MV5BMjQyODg5Njc4N15BMl5BanBnXkFtZTgwMzExMjE3NzE@._V1_SX300.jpg,8,644281,20th Century Fox
Slumdog Millionaire,2008-12-25,120 min,Drama,"Danny Boyle, Loveleen Tandan","Simon Beaufoy (screenplay), Vikas Swarup (novel)","Dev Patel, Saurabh Shukla, Anil Kapoor, Raj Zutshi","A Mumbai teen reflects on his upbringing in the slums when he is accused of cheating on the Indian Version of ""Who Wants to be a Millionaire?""",https://images-na.ssl-images-amazon.com/images/M/MV5BMTU2NTA5NzI0N15BMl5BanBnXkFtZTcwMjUxMjYxMg@@._V1_SX300.jpg,8,679975,Fox Searchlight Pictures
